file,id,description,width,height,photographer,photographer_profile,unsplash_link
001_rAyCBQTH7ws.jpg,rAyCBQTH7ws,"Ramen noodles with soft boiled egg, shrimp and snow peas.",3744,3744,Michele Blackwell,https://unsplash.com/@mab_studio?utm_source=get_unslash&utm_medium=referral,https://unsplash.com/photos/round-white-bowl-with-ramen-and-egg-rAyCBQTH7ws?utm_source=get_unslash&utm_medium=referral
002_ND3edEmzcdQ.jpg,ND3edEmzcdQ,bowl of meat with sauce,3648,5472,khloe arledge,https://unsplash.com/@khloephoto?utm_source=get_unslash&utm_medium=referral,https://unsplash.com/photos/bowl-of-meat-with-sauce-ND3edEmzcdQ?utm_source=get_unslash&utm_medium=referral
003_VW0bzb90oMA.jpg,VW0bzb90oMA,Vegan Thai food from Kati Vegan Thai,5795,3893,Alexandra Tran,https://unsplash.com/@alexgoesglobal?utm_source=get_unslash&utm_medium=referral,https://unsplash.com/photos/a-wooden-table-topped-with-plates-of-food-VW0bzb90oMA?utm_source=get_unslash&utm_medium=referral
004_NT5oqzp-050.jpg,NT5oqzp-050,Thai Basil Pork,3456,4608,Vicky Ng,https://unsplash.com/@vickyng?utm_source=get_unslash&utm_medium=referral,https://unsplash.com/photos/fried-rice-with-sunny-side-up-egg-on-gray-ceramic-plate-NT5oqzp-050?utm_source=get_unslash&utm_medium=referral
005__wBJ0cvKhIE.jpg,_wBJ0cvKhIE,Pad thai 2,3264,4928,John Aledia,https://unsplash.com/@johnaledja?utm_source=get_unslash&utm_medium=referral,https://unsplash.com/photos/a-plate-of-food-on-a-wooden-table-_wBJ0cvKhIE?utm_source=get_unslash&utm_medium=referral
006_Ec3-1H0k3qY.jpg,Ec3-1H0k3qY,Thai foods photo,3456,5184,Thavatchai Samui,https://unsplash.com/@thavachai_samui?utm_source=get_unslash&utm_medium=referral,https://unsplash.com/photos/a-table-topped-with-plates-filled-with-food-Ec3-1H0k3qY?utm_source=get_unslash&utm_medium=referral
007_m9BBVrPl87M.jpg,m9BBVrPl87M,person wearing Asian conical hat,3264,2448,Lisheng Chang,https://unsplash.com/@changlisheng?utm_source=get_unslash&utm_medium=referral,https://unsplash.com/photos/person-wearing-asian-conical-hat-m9BBVrPl87M?utm_source=get_unslash&utm_medium=referral
008_qom5MPOER-I.jpg,qom5MPOER-I,Ramen,4242,6364,Bon Vivant,https://unsplash.com/@bonvivant?utm_source=get_unslash&utm_medium=referral,https://unsplash.com/photos/ramen-dish-qom5MPOER-I?utm_source=get_unslash&utm_medium=referral
009_Ga3ziG9jCno.jpg,Ga3ziG9jCno,pasta with vegetables near meat with cabbage and stewed food in bowl,3264,1836,Jerome Jome,https://unsplash.com/@jomemui?utm_source=get_unslash&utm_medium=referral,https://unsplash.com/photos/pasta-with-vegetables-near-meat-with-cabbage-and-stewed-food-in-bowl-Ga3ziG9jCno?utm_source=get_unslash&utm_medium=referral
010_XoByiBymX20.jpg,XoByiBymX20,Red Curry,5184,3456,emy,https://unsplash.com/@emysong_?utm_source=get_unslash&utm_medium=referral,https://unsplash.com/photos/flat-lay-photography-of-vegetable-soup-on-white-ceramic-cup-XoByiBymX20?utm_source=get_unslash&utm_medium=referral
011_0wn-DdavPa4.jpg,0wn-DdavPa4,Curry,3189,4784,Bruna Branco,https://unsplash.com/@brunabranco?utm_source=get_unslash&utm_medium=referral,https://unsplash.com/photos/black-ceramic-bowl-with-soup-0wn-DdavPa4?utm_source=get_unslash&utm_medium=referral
012_YiBV-s9nZfQ.jpg,YiBV-s9nZfQ,Pad thai 1,3264,4928,John Aledia,https://unsplash.com/@johnaledja?utm_source=get_unslash&utm_medium=referral,https://unsplash.com/photos/a-plate-of-food-on-a-wooden-table-YiBV-s9nZfQ?utm_source=get_unslash&utm_medium=referral
013_l_T_qXBauO8.jpg,l_T_qXBauO8,Thai Food,4160,6165,Duong Ngan,https://unsplash.com/@nganduong93?utm_source=get_unslash&utm_medium=referral,https://unsplash.com/photos/a-wooden-table-topped-with-plates-of-food-l_T_qXBauO8?utm_source=get_unslash&utm_medium=referral
014_YpfRCe5lda0.jpg,YpfRCe5lda0,Thai Red Curry Noodle Soup with Chicken,4464,2979,Max Griss,https://unsplash.com/@grissphoto?utm_source=get_unslash&utm_medium=referral,https://unsplash.com/photos/pasta-dish-on-black-ceramic-plate-YpfRCe5lda0?utm_source=get_unslash&utm_medium=referral
015_otLqpb9LK70.jpg,otLqpb9LK70,Thai Red Curry Chicken,2980,3725,Max Griss,https://unsplash.com/@grissphoto?utm_source=get_unslash&utm_medium=referral,https://unsplash.com/photos/pasta-dish-on-brown-ceramic-bowl-otLqpb9LK70?utm_source=get_unslash&utm_medium=referral
016_PcBmNPteF_0.jpg,PcBmNPteF_0,beef on sticks display,4000,6000,Markus Winkler,https://unsplash.com/@markuswinkler?utm_source=get_unslash&utm_medium=referral,https://unsplash.com/photos/beef-on-sticks-display-PcBmNPteF_0?utm_source=get_unslash&utm_medium=referral
017_QAkqxrH6mvc.jpg,QAkqxrH6mvc,Snack Attack!,2542,2006,Vernon Raineil Cenzon,https://unsplash.com/@thevernon?utm_source=get_unslash&utm_medium=referral,https://unsplash.com/photos/woman-cooking-street-foods-QAkqxrH6mvc?utm_source=get_unslash&utm_medium=referral
018_zOlQ7lF-3vs.jpg,zOlQ7lF-3vs,This photo makes me feel comforted. There is no food more comforting than soup and this noodle soup is packed with lots of goodness that will make the sunshine on the coldest bleakest days.,3744,5616,Jennifer Schmidt,https://unsplash.com/@jsfoodphotography?utm_source=get_unslash&utm_medium=referral,https://unsplash.com/photos/vegetables-on-cook-pot-zOlQ7lF-3vs?utm_source=get_unslash&utm_medium=referral
019_4WPOb7eIpJ0.jpg,4WPOb7eIpJ0,a plate of food,4000,3000,Markus Winkler,https://unsplash.com/@markuswinkler?utm_source=get_unslash&utm_medium=referral,https://unsplash.com/photos/a-plate-of-food-4WPOb7eIpJ0?utm_source=get_unslash&utm_medium=referral
020_mVZ_gjm_TOk.jpg,mVZ_gjm_TOk,bowl of cooked food,4605,3115,Louis Hansel,https://unsplash.com/@louishansel?utm_source=get_unslash&utm_medium=referral,https://unsplash.com/photos/bowl-of-cooked-food-mVZ_gjm_TOk?utm_source=get_unslash&utm_medium=referral
